timestamp,model,persona_id,variable,question_short,run,answer,prompt_tokens,completion_tokens,total_tokens,error,raw_response
2026-04-19T22:11:42.049554+00:00,z-ai/glm-4.7-flash,53,homosex,What is your opinion about sexual relations betwee...,1,,0,0,0,Unexpected error: 'NoneType' object has no attribute 'strip',
2026-04-19T22:11:42.067209+00:00,z-ai/glm-4.7-flash,53,gunlaw,Would you favor or oppose a law which would requir...,1,,0,0,0,Unexpected error: 'NoneType' object has no attribute 'strip',
2026-04-19T22:11:42.087729+00:00,z-ai/glm-4.7-flash,53,premarsx,If a man and woman have sexual relations before ma...,1,,0,0,0,Unexpected error: 'NoneType' object has no attribute 'strip',
2026-04-19T22:11:42.095648+00:00,z-ai/glm-4.7-flash,53,abdefect,Please tell me whether or not you think it should ...,1,,0,0,0,Unexpected error: 'NoneType' object has no attribute 'strip',
2026-04-19T22:11:42.108026+00:00,z-ai/glm-4.7-flash,53,abhlth,Please tell me whether or not you think it should ...,1,,0,0,0,Unexpected error: 'NoneType' object has no attribute 'strip',
2026-04-19T22:11:42.127698+00:00,z-ai/glm-4.7-flash,53,abrape,Please tell me whether or not you think it should ...,1,,0,0,0,Unexpected error: 'NoneType' object has no attribute 'strip',
2026-04-19T22:11:42.905931+00:00,z-ai/glm-4.7-flash,53,grass,Do you think the use of marijuana should be made l...,1,,0,0,0,Unexpected error: 'NoneType' object has no attribute 'strip',
2026-04-19T22:11:42.910568+00:00,z-ai/glm-4.7-flash,53,xmarsex,What is your opinion about a married person having...,1,,0,0,0,Unexpected error: 'NoneType' object has no attribute 'strip',
2026-04-19T22:11:42.914945+00:00,z-ai/glm-4.7-flash,53,pornlaw,Which of these statements comes closest to your fe...,1,,0,0,0,Unexpected error: 'NoneType' object has no attribute 'strip',
2026-04-19T22:11:43.723604+00:00,z-ai/glm-4.7-flash,53,affrmact,Some people say that because of past discriminatio...,1,,0,0,0,Unexpected error: 'NoneType' object has no attribute 'strip',
2026-04-19T22:11:43.739954+00:00,z-ai/glm-4.7-flash,53,eqwlth,Some people think that the government in Washingto...,1,,0,0,0,Unexpected error: 'NoneType' object has no attribute 'strip',
2026-04-19T22:11:43.755606+00:00,z-ai/glm-4.7-flash,53,immjobs,There are different opinions about immigrants from...,1,,0,0,0,Unexpected error: 'NoneType' object has no attribute 'strip',
2026-04-19T22:11:44.686609+00:00,z-ai/glm-4.7-flash,53,immcrime,There are different opinions about immigrants from...,1,,0,0,0,Unexpected error: 'NoneType' object has no attribute 'strip',
2026-04-19T22:11:44.976585+00:00,z-ai/glm-4.7-flash,53,immameco,There are different opinions about immigrants from...,1,,0,0,0,Unexpected error: 'NoneType' object has no attribute 'strip',
2026-04-19T22:11:46.426095+00:00,z-ai/glm-4.7-flash,53,cappun,Do you favor or oppose the death penalty for perso...,1,,0,0,0,Unexpected error: 'NoneType' object has no attribute 'strip',
2026-04-19T22:11:46.453362+00:00,z-ai/glm-4.7-flash,53,abpoor,Please tell me whether or not you think it should ...,1,,0,0,0,Unexpected error: 'NoneType' object has no attribute 'strip',
2026-04-19T22:11:46.482373+00:00,z-ai/glm-4.7-flash,53,fefam,Please read the following statement and indicate w...,1,,0,0,0,Unexpected error: 'NoneType' object has no attribute 'strip',
2026-04-19T22:11:46.486020+00:00,z-ai/glm-4.7-flash,53,fepresch,Please read the following statement and indicate w...,1,,0,0,0,Unexpected error: 'NoneType' object has no attribute 'strip',
2026-04-19T22:11:46.486038+00:00,z-ai/glm-4.7-flash,53,fechld,To what extent do you you agree or disagree that: ...,1,,0,0,0,Unexpected error: 'NoneType' object has no attribute 'strip',
2026-04-19T22:11:47.148916+00:00,z-ai/glm-4.7-flash,53,colath,There are always some people whose ideas are consi...,1,,0,0,0,Unexpected error: 'NoneType' object has no attribute 'strip',
2026-04-19T22:11:47.501294+00:00,z-ai/glm-4.7-flash,53,spkmslm,Consider a Muslim clergyman who preaches hatred of...,1,,0,0,0,Unexpected error: 'NoneType' object has no attribute 'strip',
2026-04-19T22:11:47.625476+00:00,z-ai/glm-4.7-flash,53,colrac,Consider a person who believes that Black people a...,1,,0,0,0,Unexpected error: 'NoneType' object has no attribute 'strip',
2026-04-19T22:11:47.631633+00:00,z-ai/glm-4.7-flash,53,god,Tell me which statement comes closest to expressin...,1,,0,0,0,Unexpected error: 'NoneType' object has no attribute 'strip',
2026-04-19T22:11:47.634864+00:00,z-ai/glm-4.7-flash,53,colmslm,Consider a Muslim clergyman who preaches hatred of...,1,,0,0,0,Unexpected error: 'NoneType' object has no attribute 'strip',
2026-04-19T22:11:48.635016+00:00,z-ai/glm-4.7-flash,53,conpress,I am going to name some institutions in this count...,1,,0,0,0,Unexpected error: 'NoneType' object has no attribute 'strip',
2026-04-19T22:11:48.815435+00:00,z-ai/glm-4.7-flash,53,nataid,"We are faced with many problems in this country, n...",1,,0,0,0,Unexpected error: 'NoneType' object has no attribute 'strip',
2026-04-19T22:11:49.101087+00:00,z-ai/glm-4.7-flash,53,spkath,There are always some people whose ideas are consi...,1,,0,0,0,Unexpected error: 'NoneType' object has no attribute 'strip',
2026-04-19T22:11:49.620692+00:00,z-ai/glm-4.7-flash,53,spkrac,Consider a person who believes that Black people a...,1,,0,0,0,Unexpected error: 'NoneType' object has no attribute 'strip',
2026-04-19T22:11:49.687718+00:00,z-ai/glm-4.7-flash,53,natenvir,"We are faced with many problems in this country, n...",1,,0,0,0,Unexpected error: 'NoneType' object has no attribute 'strip',
2026-04-19T22:11:49.690293+00:00,z-ai/glm-4.7-flash,53,natsci,"We are faced with many problems in this country, n...",1,,0,0,0,Unexpected error: 'NoneType' object has no attribute 'strip',
2026-04-19T22:11:50.035307+00:00,z-ai/glm-4.7-flash,53,nateduc,"We are faced with many problems in this country, n...",1,,0,0,0,Unexpected error: 'NoneType' object has no attribute 'strip',
2026-04-19T22:11:50.188443+00:00,z-ai/glm-4.7-flash,53,bible,Which of these statements comes closest to describ...,1,,0,0,0,Unexpected error: 'NoneType' object has no attribute 'strip',
2026-04-19T22:11:50.207534+00:00,z-ai/glm-4.7-flash,53,confed,I am going to name some institutions in this count...,1,,0,0,0,Unexpected error: 'NoneType' object has no attribute 'strip',
2026-04-19T22:11:50.240795+00:00,z-ai/glm-4.7-flash,53,consci,I am going to name some institutions in this count...,1,,0,0,0,Unexpected error: 'NoneType' object has no attribute 'strip',
2026-04-19T22:11:50.242604+00:00,z-ai/glm-4.7-flash,53,natspac,"We are faced with many problems in this country, n...",1,,0,0,0,Unexpected error: 'NoneType' object has no attribute 'strip',
2026-04-19T22:11:50.636513+00:00,z-ai/glm-4.7-flash,53,natroad,"We are faced with many problems in this country, n...",1,,0,0,0,Unexpected error: 'NoneType' object has no attribute 'strip',
2026-04-19T22:11:50.774975+00:00,z-ai/glm-4.7-flash,53,natheal,"We are faced with many problems in this country, n...",1,,0,0,0,Unexpected error: 'NoneType' object has no attribute 'strip',
2026-04-19T22:11:50.851173+00:00,z-ai/glm-4.7-flash,53,natsoc,"We are faced with many problems in this country, n...",1,,0,0,0,Unexpected error: 'NoneType' object has no attribute 'strip',
2026-04-19T22:11:51.096355+00:00,z-ai/glm-4.7-flash,53,confinan,I am going to name some institutions in this count...,1,,0,0,0,Unexpected error: 'NoneType' object has no attribute 'strip',
2026-04-19T22:11:51.107148+00:00,z-ai/glm-4.7-flash,53,conbus,I am going to name some institutions in this count...,1,,0,0,0,Unexpected error: 'NoneType' object has no attribute 'strip',
2026-04-19T22:11:51.145814+00:00,z-ai/glm-4.7-flash,53,conlegis,I am going to name some institutions in this count...,1,,0,0,0,Unexpected error: 'NoneType' object has no attribute 'strip',
2026-04-19T22:11:51.154896+00:00,z-ai/glm-4.7-flash,53,conarmy,I am going to name some institutions in this count...,1,,0,0,0,Unexpected error: 'NoneType' object has no attribute 'strip',
2026-04-19T22:11:51.426406+00:00,z-ai/glm-4.7-flash,53,conmedic,I am going to name some institutions in this count...,1,,0,0,0,Unexpected error: 'NoneType' object has no attribute 'strip',
2026-04-19T22:11:51.966980+00:00,z-ai/glm-4.7-flash,53,satfin,We are interested in how people are getting along ...,1,,0,0,0,Unexpected error: 'NoneType' object has no attribute 'strip',
2026-04-19T22:11:51.988683+00:00,z-ai/glm-4.7-flash,53,helpful,Would you say that most of the time people try to ...,1,,0,0,0,Unexpected error: 'NoneType' object has no attribute 'strip',
2026-04-19T22:11:53.011999+00:00,z-ai/glm-4.7-flash,53,finalter,"During the last few years, has your financial situ...",1,,0,0,0,Unexpected error: 'NoneType' object has no attribute 'strip',
2026-04-19T22:11:53.811417+00:00,z-ai/glm-4.7-flash,681,abrape,Please tell me whether or not you think it should ...,1,,0,0,0,Unexpected error: 'NoneType' object has no attribute 'strip',
2026-04-19T22:11:54.982461+00:00,z-ai/glm-4.7-flash,681,abpoor,Please tell me whether or not you think it should ...,1,,0,0,0,Unexpected error: 'NoneType' object has no attribute 'strip',
2026-04-19T22:11:55.949749+00:00,z-ai/glm-4.7-flash,681,abdefect,Please tell me whether or not you think it should ...,1,,0,0,0,Unexpected error: 'NoneType' object has no attribute 'strip',
2026-04-19T22:11:56.751932+00:00,z-ai/glm-4.7-flash,681,gunlaw,Would you favor or oppose a law which would requir...,1,,0,0,0,Unexpected error: 'NoneType' object has no attribute 'strip',
2026-04-19T22:12:02.397429+00:00,z-ai/glm-4.7-flash,53,coneduc,I am going to name some institutions in this count...,1,,0,0,0,Unexpected error: 'NoneType' object has no attribute 'strip',
2026-04-19T22:12:03.147370+00:00,z-ai/glm-4.7-flash,681,homosex,What is your opinion about sexual relations betwee...,1,,0,0,0,Unexpected error: 'NoneType' object has no attribute 'strip',
2026-04-19T22:12:03.832922+00:00,z-ai/glm-4.7-flash,681,premarsx,If a man and woman have sexual relations before ma...,1,,0,0,0,Unexpected error: 'NoneType' object has no attribute 'strip',
2026-04-19T22:12:07.929430+00:00,z-ai/glm-4.7-flash,681,cappun,Do you favor or oppose the death penalty for perso...,1,,0,0,0,Unexpected error: 'NoneType' object has no attribute 'strip',
2026-04-19T22:12:08.013126+00:00,z-ai/glm-4.7-flash,53,trust,"Generally speaking, would you say that most people...",1,,0,0,0,Unexpected error: 'NoneType' object has no attribute 'strip',
2026-04-19T22:12:09.052896+00:00,z-ai/glm-4.7-flash,681,grass,Do you think the use of marijuana should be made l...,1,,0,0,0,Unexpected error: 'NoneType' object has no attribute 'strip',
2026-04-19T22:12:09.463811+00:00,z-ai/glm-4.7-flash,53,fair,Do you think most people would try to take advanta...,1,,0,0,0,Unexpected error: 'NoneType' object has no attribute 'strip',
2026-04-19T22:12:09.467117+00:00,z-ai/glm-4.7-flash,53,getahead,Some people say that people get ahead by their own...,1,,0,0,0,Unexpected error: 'NoneType' object has no attribute 'strip',
2026-04-19T22:12:10.010654+00:00,z-ai/glm-4.7-flash,681,fechld,To what extent do you you agree or disagree that: ...,1,,0,0,0,Unexpected error: 'NoneType' object has no attribute 'strip',
2026-04-19T22:12:10.313169+00:00,z-ai/glm-4.7-flash,681,fefam,Please read the following statement and indicate w...,1,,0,0,0,Unexpected error: 'NoneType' object has no attribute 'strip',
2026-04-19T22:12:10.639756+00:00,z-ai/glm-4.7-flash,681,fepresch,Please read the following statement and indicate w...,1,,0,0,0,Unexpected error: 'NoneType' object has no attribute 'strip',
2026-04-19T22:12:10.742795+00:00,z-ai/glm-4.7-flash,681,affrmact,Some people say that because of past discriminatio...,1,,0,0,0,Unexpected error: 'NoneType' object has no attribute 'strip',
2026-04-19T22:12:11.045528+00:00,z-ai/glm-4.7-flash,681,abhlth,Please tell me whether or not you think it should ...,1,,0,0,0,Unexpected error: 'NoneType' object has no attribute 'strip',
2026-04-19T22:12:11.046437+00:00,z-ai/glm-4.7-flash,53,richwork,If you were to get enough money to live as comfort...,1,,0,0,0,Unexpected error: 'NoneType' object has no attribute 'strip',
2026-04-19T22:12:11.046457+00:00,z-ai/glm-4.7-flash,53,satjob,"On the whole, how satisfied are you with the work ...",1,,0,0,0,Unexpected error: 'NoneType' object has no attribute 'strip',
2026-04-19T22:12:12.466939+00:00,z-ai/glm-4.7-flash,681,colath,There are always some people whose ideas are consi...,1,,0,0,0,Unexpected error: 'NoneType' object has no attribute 'strip',
2026-04-19T22:12:13.221746+00:00,z-ai/glm-4.7-flash,681,spkrac,Consider a person who believes that Black people a...,1,,0,0,0,Unexpected error: 'NoneType' object has no attribute 'strip',
2026-04-19T22:12:14.073299+00:00,z-ai/glm-4.7-flash,681,colrac,Consider a person who believes that Black people a...,1,,0,0,0,Unexpected error: 'NoneType' object has no attribute 'strip',
2026-04-19T22:12:14.925366+00:00,z-ai/glm-4.7-flash,681,spkmslm,Consider a Muslim clergyman who preaches hatred of...,1,,0,0,0,Unexpected error: 'NoneType' object has no attribute 'strip',
2026-04-19T22:12:14.939399+00:00,z-ai/glm-4.7-flash,681,xmarsex,What is your opinion about a married person having...,1,,0,0,0,Unexpected error: 'NoneType' object has no attribute 'strip',
2026-04-19T22:12:15.846647+00:00,z-ai/glm-4.7-flash,681,god,Tell me which statement comes closest to expressin...,1,,0,0,0,Unexpected error: 'NoneType' object has no attribute 'strip',
2026-04-19T22:12:16.064885+00:00,z-ai/glm-4.7-flash,681,colmslm,Consider a Muslim clergyman who preaches hatred of...,1,,0,0,0,Unexpected error: 'NoneType' object has no attribute 'strip',
2026-04-19T22:12:16.666068+00:00,z-ai/glm-4.7-flash,681,bible,Which of these statements comes closest to describ...,1,,0,0,0,Unexpected error: 'NoneType' object has no attribute 'strip',
2026-04-19T22:12:17.753395+00:00,z-ai/glm-4.7-flash,681,conpress,I am going to name some institutions in this count...,1,,0,0,0,Unexpected error: 'NoneType' object has no attribute 'strip',
2026-04-19T22:12:18.601682+00:00,z-ai/glm-4.7-flash,681,consci,I am going to name some institutions in this count...,1,,0,0,0,Unexpected error: 'NoneType' object has no attribute 'strip',
2026-04-19T22:12:18.945330+00:00,z-ai/glm-4.7-flash,681,pornlaw,Which of these statements comes closest to your fe...,1,,0,0,0,Unexpected error: 'NoneType' object has no attribute 'strip',
2026-04-19T22:12:19.725506+00:00,z-ai/glm-4.7-flash,681,natspac,"We are faced with many problems in this country, n...",1,,0,0,0,Unexpected error: 'NoneType' object has no attribute 'strip',
2026-04-19T22:12:20.709840+00:00,z-ai/glm-4.7-flash,681,natsci,"We are faced with many problems in this country, n...",1,,0,0,0,Unexpected error: 'NoneType' object has no attribute 'strip',
2026-04-19T22:12:21.826061+00:00,z-ai/glm-4.7-flash,681,eqwlth,Some people think that the government in Washingto...,1,,0,0,0,Unexpected error: 'NoneType' object has no attribute 'strip',
2026-04-19T22:12:21.866621+00:00,z-ai/glm-4.7-flash,681,natenvir,"We are faced with many problems in this country, n...",1,,0,0,0,Unexpected error: 'NoneType' object has no attribute 'strip',
2026-04-19T22:12:21.924024+00:00,z-ai/glm-4.7-flash,681,immcrime,There are different opinions about immigrants from...,1,,0,0,0,Unexpected error: 'NoneType' object has no attribute 'strip',
2026-04-19T22:12:22.024870+00:00,z-ai/glm-4.7-flash,681,immjobs,There are different opinions about immigrants from...,1,,0,0,0,Unexpected error: 'NoneType' object has no attribute 'strip',
2026-04-19T22:12:22.532715+00:00,z-ai/glm-4.7-flash,681,spkath,There are always some people whose ideas are consi...,1,,0,0,0,Unexpected error: 'NoneType' object has no attribute 'strip',
2026-04-19T22:12:22.776689+00:00,z-ai/glm-4.7-flash,681,nateduc,"We are faced with many problems in this country, n...",1,,0,0,0,Unexpected error: 'NoneType' object has no attribute 'strip',
2026-04-19T22:12:22.814847+00:00,z-ai/glm-4.7-flash,681,natroad,"We are faced with many problems in this country, n...",1,,0,0,0,Unexpected error: 'NoneType' object has no attribute 'strip',
2026-04-19T22:12:22.817269+00:00,z-ai/glm-4.7-flash,681,natheal,"We are faced with many problems in this country, n...",1,,0,0,0,Unexpected error: 'NoneType' object has no attribute 'strip',
2026-04-19T22:12:23.493339+00:00,z-ai/glm-4.7-flash,681,coneduc,I am going to name some institutions in this count...,1,,0,0,0,Unexpected error: 'NoneType' object has no attribute 'strip',
2026-04-19T22:12:23.716926+00:00,z-ai/glm-4.7-flash,681,conlegis,I am going to name some institutions in this count...,1,,0,0,0,Unexpected error: 'NoneType' object has no attribute 'strip',
2026-04-19T22:12:23.717199+00:00,z-ai/glm-4.7-flash,681,confinan,I am going to name some institutions in this count...,1,,0,0,0,Unexpected error: 'NoneType' object has no attribute 'strip',
2026-04-19T22:12:23.877570+00:00,z-ai/glm-4.7-flash,681,conbus,I am going to name some institutions in this count...,1,,0,0,0,Unexpected error: 'NoneType' object has no attribute 'strip',
2026-04-19T22:12:24.269074+00:00,z-ai/glm-4.7-flash,681,natsoc,"We are faced with many problems in this country, n...",1,,0,0,0,Unexpected error: 'NoneType' object has no attribute 'strip',
2026-04-19T22:12:24.607386+00:00,z-ai/glm-4.7-flash,681,conmedic,I am going to name some institutions in this count...,1,,0,0,0,Unexpected error: 'NoneType' object has no attribute 'strip',
2026-04-19T22:12:24.797845+00:00,z-ai/glm-4.7-flash,681,trust,"Generally speaking, would you say that most people...",1,,0,0,0,Unexpected error: 'NoneType' object has no attribute 'strip',
2026-04-19T22:12:25.248305+00:00,z-ai/glm-4.7-flash,681,conarmy,I am going to name some institutions in this count...,1,,0,0,0,Unexpected error: 'NoneType' object has no attribute 'strip',
2026-04-19T22:12:25.724587+00:00,z-ai/glm-4.7-flash,681,finalter,"During the last few years, has your financial situ...",1,,0,0,0,Unexpected error: 'NoneType' object has no attribute 'strip',
2026-04-19T22:12:26.953814+00:00,z-ai/glm-4.7-flash,681,richwork,If you were to get enough money to live as comfort...,1,,0,0,0,Unexpected error: 'NoneType' object has no attribute 'strip',
2026-04-19T22:12:27.121155+00:00,z-ai/glm-4.7-flash,681,confed,I am going to name some institutions in this count...,1,,0,0,0,Unexpected error: 'NoneType' object has no attribute 'strip',
2026-04-19T22:12:27.257399+00:00,z-ai/glm-4.7-flash,681,satfin,We are interested in how people are getting along ...,1,,0,0,0,Unexpected error: 'NoneType' object has no attribute 'strip',
2026-04-19T22:12:27.261118+00:00,z-ai/glm-4.7-flash,681,helpful,Would you say that most of the time people try to ...,1,,0,0,0,Unexpected error: 'NoneType' object has no attribute 'strip',
2026-04-19T22:12:27.272850+00:00,z-ai/glm-4.7-flash,681,fair,Do you think most people would try to take advanta...,1,,0,0,0,Unexpected error: 'NoneType' object has no attribute 'strip',
